"effect","macroSD","slopeSD","seed","gene","method","geneType","power","falseSplits","markerSplits","anyFalse"
1,1,1,1,1,"MECIT (ctree)","mutation",1,0,0,FALSE
1,1,1,1,1,"ctree","mutation",1,9,4,TRUE
1,1,1,1,2,"MECIT (ctree)","mutation",1,0,0,FALSE
1,1,1,1,2,"ctree","mutation",1,6,4,TRUE
1,1,1,1,3,"MECIT (ctree)","mutation",0.5,0,0,FALSE
1,1,1,1,3,"ctree","mutation",1,5,3,TRUE
1,1,1,1,4,"MECIT (ctree)","mutation",1,0,0,FALSE
1,1,1,1,4,"ctree","mutation",1,8,4,TRUE
1,1,1,1,5,"MECIT (ctree)","mutation",1,0,0,FALSE
1,1,1,1,5,"ctree","mutation",1,5,4,TRUE
1,1,1,1,6,"MECIT (ctree)","mutation",1,0,0,FALSE
1,1,1,1,6,"ctree","mutation",1,10,4,TRUE
1,1,1,1,7,"MECIT (ctree)","mutation",0,0,0,FALSE
1,1,1,1,7,"ctree","mutation",1,7,2,TRUE
1,1,1,1,8,"MECIT (ctree)","mutation",1,0,0,FALSE
1,1,1,1,8,"ctree","mutation",1,9,3,TRUE
1,1,1,1,9,"MECIT (ctree)","baseline",NA,0,0,FALSE
1,1,1,1,9,"ctree","baseline",NA,8,3,TRUE
1,1,1,1,10,"MECIT (ctree)","baseline",NA,0,0,FALSE
1,1,1,1,10,"ctree","baseline",NA,9,4,TRUE
1,1,1,1,11,"MECIT (ctree)","baseline",NA,0,0,FALSE
1,1,1,1,11,"ctree","baseline",NA,10,3,TRUE
1,1,1,1,12,"MECIT (ctree)","baseline",NA,0,0,FALSE
1,1,1,1,12,"ctree","baseline",NA,6,3,TRUE
1,1,1,1,13,"MECIT (ctree)","baseline",NA,0,0,FALSE
1,1,1,1,13,"ctree","baseline",NA,7,2,TRUE
1,1,1,1,14,"MECIT (ctree)","baseline",NA,0,0,FALSE
1,1,1,1,14,"ctree","baseline",NA,8,2,TRUE
1,1,1,1,15,"MECIT (ctree)","null",NA,0,0,FALSE
1,1,1,1,15,"ctree","null",NA,0,0,FALSE
1,1,1,1,16,"MECIT (ctree)","null",NA,0,0,FALSE
1,1,1,1,16,"ctree","null",NA,0,0,FALSE
1,1,1,1,17,"MECIT (ctree)","null",NA,0,0,FALSE
1,1,1,1,17,"ctree","null",NA,0,0,FALSE
1,1,1,1,18,"MECIT (ctree)","null",NA,0,0,FALSE
1,1,1,1,18,"ctree","null",NA,0,0,FALSE
1,1,1,1,19,"MECIT (ctree)","null",NA,0,0,FALSE
1,1,1,1,19,"ctree","null",NA,0,0,FALSE
1,1,1,1,20,"MECIT (ctree)","null",NA,0,0,FALSE
1,1,1,1,20,"ctree","null",NA,0,0,FALSE
1,1,1,2,1,"MECIT (ctree)","mutation",1,0,0,FALSE
1,1,1,2,1,"ctree","mutation",1,9,4,TRUE
1,1,1,2,2,"MECIT (ctree)","mutation",1,0,0,FALSE
1,1,1,2,2,"ctree","mutation",1,7,4,TRUE
1,1,1,2,3,"MECIT (ctree)","mutation",1,0,0,FALSE
1,1,1,2,3,"ctree","mutation",1,10,5,TRUE
1,1,1,2,4,"MECIT (ctree)","mutation",1,0,0,FALSE
1,1,1,2,4,"ctree","mutation",0.5,7,3,TRUE
1,1,1,2,5,"MECIT (ctree)","mutation",1,0,0,FALSE
1,1,1,2,5,"ctree","mutation",1,6,5,TRUE
1,1,1,2,6,"MECIT (ctree)","mutation",1,0,0,FALSE
1,1,1,2,6,"ctree","mutation",1,7,3,TRUE
1,1,1,2,7,"MECIT (ctree)","mutation",1,0,0,FALSE
1,1,1,2,7,"ctree","mutation",1,6,5,TRUE
1,1,1,2,8,"MECIT (ctree)","mutation",1,1,0,TRUE
1,1,1,2,8,"ctree","mutation",0,7,2,TRUE
1,1,1,2,9,"MECIT (ctree)","baseline",NA,0,0,FALSE
1,1,1,2,9,"ctree","baseline",NA,4,3,TRUE
1,1,1,2,10,"MECIT (ctree)","baseline",NA,0,0,FALSE
1,1,1,2,10,"ctree","baseline",NA,10,5,TRUE
1,1,1,2,11,"MECIT (ctree)","baseline",NA,0,0,FALSE
1,1,1,2,11,"ctree","baseline",NA,7,3,TRUE
1,1,1,2,12,"MECIT (ctree)","baseline",NA,0,0,FALSE
1,1,1,2,12,"ctree","baseline",NA,11,4,TRUE
1,1,1,2,13,"MECIT (ctree)","baseline",NA,0,0,FALSE
1,1,1,2,13,"ctree","baseline",NA,4,3,TRUE
1,1,1,2,14,"MECIT (ctree)","baseline",NA,0,0,FALSE
1,1,1,2,14,"ctree","baseline",NA,10,5,TRUE
1,1,1,2,15,"MECIT (ctree)","null",NA,0,0,FALSE
1,1,1,2,15,"ctree","null",NA,0,0,FALSE
1,1,1,2,16,"MECIT (ctree)","null",NA,0,0,FALSE
1,1,1,2,16,"ctree","null",NA,0,0,FALSE
1,1,1,2,17,"MECIT (ctree)","null",NA,0,0,FALSE
1,1,1,2,17,"ctree","null",NA,0,0,FALSE
1,1,1,2,18,"MECIT (ctree)","null",NA,0,0,FALSE
1,1,1,2,18,"ctree","null",NA,0,0,FALSE
1,1,1,2,19,"MECIT (ctree)","null",NA,0,0,FALSE
1,1,1,2,19,"ctree","null",NA,0,0,FALSE
1,1,1,2,20,"MECIT (ctree)","null",NA,0,0,FALSE
1,1,1,2,20,"ctree","null",NA,0,0,FALSE
1,1,1,1,1,"MECIT (ctree, slopes)","mutation",1,0,0,FALSE
1,1,1,1,2,"MECIT (ctree, slopes)","mutation",1,0,0,FALSE
1,1,1,1,3,"MECIT (ctree, slopes)","mutation",1,0,0,FALSE
1,1,1,1,4,"MECIT (ctree, slopes)","mutation",1,0,0,FALSE
1,1,1,1,5,"MECIT (ctree, slopes)","mutation",1,0,0,FALSE
1,1,1,1,6,"MECIT (ctree, slopes)","mutation",1,0,0,FALSE
1,1,1,1,7,"MECIT (ctree, slopes)","mutation",1,0,0,FALSE
1,1,1,1,8,"MECIT (ctree, slopes)","mutation",1,0,0,FALSE
1,1,1,2,1,"MECIT (ctree, slopes)","mutation",1,0,0,FALSE
1,1,1,2,2,"MECIT (ctree, slopes)","mutation",1,0,0,FALSE
1,1,1,2,3,"MECIT (ctree, slopes)","mutation",1,0,0,FALSE
1,1,1,2,4,"MECIT (ctree, slopes)","mutation",1,0,0,FALSE
1,1,1,2,5,"MECIT (ctree, slopes)","mutation",1,0,0,FALSE
1,1,1,2,6,"MECIT (ctree, slopes)","mutation",1,0,0,FALSE
1,1,1,2,7,"MECIT (ctree, slopes)","mutation",1,0,0,FALSE
1,1,1,2,8,"MECIT (ctree, slopes)","mutation",1,0,0,FALSE
