Species,KMeans_Cluster,DBSCAN_Cluster,PCA1,PCA2,tSNE1,tSNE2
V.aerogenes,0,-1,3.141177473300492,-1.0327169136198509,6.3185534,-4.126427
V.aestuarinus,0,-1,0.5054415776368337,-1.4551926819120569,4.58357,-4.074384
V.agarivorans,0,-1,-1.1400709086899614,-2.176455866631445,4.5011325,-0.080257244
V.alginolyticus,1,-1,1.846291240649615,3.830505461457026,1.813107,-0.9978091
V.anguillarum,0,-1,1.159666770737842,1.8039988202799206,6.861422,-2.2776942
V.brasiliensis,0,-1,1.1464575750890387,1.4136373271714255,4.7142506,-2.3342283
V.calviensis,0,-1,-0.3414269804078472,-2.6566978402479298,4.7444825,-4.872844
V.campbellii,0,-1,-1.3244901662857065,1.4974550937481288,6.3214326,-0.45846662
V.chagasi,0,-1,-0.8400008434563748,0.6299255932646908,5.779775,-1.0589098
V.cholerae,1,-1,-0.1841194644388485,5.290085641873474,1.7675077,0.8011775
V.cincinnatiensis,1,-1,3.5704609716303204,-0.18256973635020768,1.6451021,-4.0130444
V.comitans,0,-1,-1.718960637812642,-0.9035016396884274,5.1176224,-0.44416344
V.coralliilyticus,1,-1,0.6388438977832558,1.551443445529644,3.935815,-1.7493937
V.crassostreae,0,-1,-0.3038751417411186,-0.8860094749777764,5.277851,-2.549759
V.cyclotriphicus,0,-1,0.4845476500923194,-1.744612943910809,4.3673544,-1.2809473
V.diabolicus,1,-1,0.8565356286681893,4.331563497026621,1.8248118,-0.8579179
V.diazotrophicus,0,-1,3.6280243093169897,-1.8487590090002264,2.3313277,-3.8696558
V.ezurae,0,-1,-3.066222192755851,-0.2807655172328271,5.4889407,0.2697145
V.fischeri,0,-1,-2.9454363003025414,-0.1877565390427742,4.2059746,1.6201844
V.fluvialis,1,-1,4.401114540346797,1.072485914573566,2.7544498,-3.0725238
V.fortis,0,-1,1.3319476443010632,-0.852677377439734,5.6879163,-3.2469952
V.furnisii,1,-1,4.204248929898503,1.7342824145203202,2.5882719,-2.867068
V.gallicus,0,-1,-2.19652363728865,-0.661084493931898,5.4106383,-0.05801976
V.gazogenes,0,-1,5.708282243902288,-3.2738301315553864,7.181519,-4.8727183
V.gigantis,0,-1,-0.9356606429064813,-0.7844434418442722,5.3691077,-2.5082197
V.halioticoli,0,-1,-3.3060231711683525,-1.2888922220159946,5.6211987,0.70410043
V.harveyi,1,-1,0.07382237101087524,2.314757025566794,2.675605,-0.42667612
V.hepatarius,0,-1,0.5690758759424143,0.33953949957341145,4.435533,-2.6168504
V.hispanicus,0,-1,2.5422743779216126,-0.24032072876359564,3.8628447,-3.098799
V.ichthyoen,0,-1,-2.1406431897333342,-2.0192564659455075,4.6111593,0.44433388
V.inusitatus,0,-1,-2.0586611866554243,-1.128370063484523,5.2030063,-0.45576528
V.kanaloae,0,-1,0.633320963484542,0.37793032866881326,6.553,-1.7284477
V.lentus,0,-1,-0.7040141772158135,0.4854066963111376,6.150185,-3.00399
V.litoralis,0,-1,1.9596732231705218,-0.104061957861618,3.0593214,-1.6386229
V.logei,0,-1,-4.524818252176648,-1.095248647677149,6.090894,2.0096753
V.mediterranei,0,-1,0.7168637739780579,-3.2764444173537206,4.2765627,-4.427708
V.metschnikovii,0,-1,1.9151766836066044,-0.8685182260502462,7.3879113,-3.4643264
V.mimicus,1,-1,-0.044498507151596756,5.107332806243513,1.7784537,0.7966949
V.mytili,0,-1,4.197393370297113,-2.5846692463528838,2.568253,-3.6118484
V.natriegens,1,-1,4.165291829156416,-1.6070613168811652,1.8864917,-3.9949577
V.navarrensis,0,-1,0.46732768179447537,0.68677547307757,4.5158615,-2.2790132
V.neonatus,0,-1,-3.332767221557994,-0.381238760755599,5.486403,0.37823752
V.neptunis,0,-1,-0.393123355417363,1.4461811816568102,5.9809923,-1.7047037
V.nereis,0,-1,0.1216136546037771,1.8414701826978255,6.3624215,-0.8292319
V.nigrapulchritudo,0,-1,-1.6175483078888928,0.2944301519106553,6.3721395,0.12137197
V.ordalii,0,-1,-2.9025526456247337,-0.9494558128537937,7.1354527,0.96044636
V.orientalis,0,-1,-0.48472323053736366,-0.9394377323430008,5.0978775,-3.5844035
V.pacini,0,-1,-0.06496564681933309,-1.2565412473973507,5.9792433,-2.2277114
V.parahaemolyticus,1,-1,1.4715844785625425,4.706890250057293,1.919439,-0.94375545
V.pectenicida,0,-1,-1.4034419820055282,-1.017194742644007,5.087101,1.9817638
V.pelagius I,0,-1,-0.5704584848321534,-1.7679043374589882,4.878822,-1.5015419
V.pelagius II,0,-1,-0.8651565593784907,-0.38484006186892217,5.0906854,-1.8824438
V.penaecida,0,-1,-2.781744944205842,0.019117259254522203,6.054023,0.3231193
V.pomeroyi,0,-1,-1.1710225950713373,-0.20470063660984458,6.144317,-1.6256354
V.ponticus,0,-1,-0.6480636409760547,0.6755438421346807,4.834828,-1.2032772
V.proteolyticus,1,-1,2.500942715274681,3.515423123891943,1.4493244,-1.2504444
V.rarus,0,-1,-1.7704778074520764,-0.09552367091853574,5.344002,-0.45248145
V.rhizosphaerae,0,-1,6.254456571446637,-3.753321382299586,7.324139,-4.7979703
V.rotiferianus,1,-1,0.6525213931660743,1.7190443237857747,0.9824519,0.284021
V.ruber,0,-1,5.775619472152055,-3.068478427906657,7.0217457,-4.8741136
V.rumoiensis,0,-1,0.22706324552864607,-1.549108828512011,4.055553,-0.65524393
V.salmonicida,0,-1,-5.630730712572173,-2.2706751047161253,7.3705754,1.7574235
V.scophthalmi,0,-1,-2.475623955797199,-0.9814691689933631,5.376976,0.68600583
V.splendidusI,0,-1,-1.920009828179216,0.6815886537757601,7.574271,-0.45978102
V.splendidusII,0,-1,-2.896316651575079,0.42459481132629473,7.450994,-0.31717312
V.superstes,0,-1,-1.9509968182468915,-2.001968113163299,4.822515,0.48607093
V.tapetis,0,-1,-3.3583761690450213,-0.5782085263053248,6.468001,1.3936048
V.tasmaniensis,0,-1,-1.348196320039779,-0.10805427403919636,5.4382415,-1.4258351
V.tubiashi,0,-1,-2.324631303313532,-1.1477866992383419,8.348476,-0.49761108
V.vulnificus B1,1,-1,1.320934381808744,2.4360232966439934,2.8001215,0.47568417
V.vulnificus B2,1,-1,0.09013933897323091,2.20015892605208,3.0318003,0.7087065
V.vulnificus B3,1,-1,-1.1704319224454947,2.745978412890406,3.0497124,0.7867721
V.wodanis,0,-1,-2.5815378678661434,-0.12927574179899662,6.696832,0.93149215
V.xuii,0,-1,3.1602075158023126,0.5515307146308681,3.2905686,-2.575449
